id,S,L,pred,herb,mutu,para
19,1500,15255,0,0,15255,0
12,115,184,0,0,0,0
13,54,92,0,0,0,0
18,29,38,0,0,38,0
15,317,1121,0,0,1121,0
3259,20,60,41,19,0,0
908,43,63,0,0,63,0
23,19,20,0,0,20,0
909,142,242,0,0,242,0
946,107,456,0,0,0,0
26,24,34,25,7,0,0
27,114,167,0,0,167,0
28,18,38,28,8,0,0
947,19,58,45,13,0,0
1262,26,60,14,44,0,0
1261,13,17,4,13,0,0
1219,56,267,168,95,0,0
1237,45,212,140,72,0,0
1218,53,183,83,97,0,0
1235,40,98,60,33,0,0
1236,44,165,104,56,0,0
1221,30,121,86,29,0,0
1251,30,71,22,48,0,0
1252,50,273,190,78,0,0
1253,42,179,107,69,0,0
1250,33,138,68,69,0,0
1217,50,261,136,118,0,0
1256,44,225,136,85,0,0
1257,29,82,52,26,0,0
1220,61,328,209,115,0,0
1233,32,122,64,53,0,0
1234,22,57,28,27,0,0
1259,41,169,77,92,0,0
1248,52,247,141,101,0,0
1260,53,281,172,104,0,0
1225,35,118,66,49,0,0
1264,32,136,99,22,0,0
1265,27,42,17,24,0,0
1254,22,43,13,29,0,0
1255,24,61,32,27,0,0
1242,49,255,177,73,0,0
1243,35,102,35,67,0,0
1231,22,58,34,24,0,0
1232,39,152,63,87,0,0
1246,31,148,81,64,0,0
1247,41,137,62,74,0,0
1227,54,416,325,84,0,0
1249,37,161,103,54,0,0
1263,31,83,37,44,0,0
1238,16,25,10,15,0,0
1239,41,169,93,72,0,0
1230,19,28,10,16,0,0
1245,35,118,74,40,0,0
1222,75,553,335,216,0,0
1229,32,61,29,31,0,0
1244,65,417,295,112,0,0
1224,41,153,55,96,0,0
1228,65,418,246,166,0,0
1258,22,36,2,34,0,0
1226,36,83,48,33,0,0
1240,24,87,54,32,0,0
1223,15,19,10,9,0,0
1216,56,220,156,58,0,0
1241,72,571,407,159,0,0
80,15,31,26,0,0,0
81,12,20,16,3,0,0
82,10,21,17,3,0,0
83,24,42,34,0,0,0
84,12,30,19,6,0,0
85,29,58,46,4,0,0
86,26,189,163,5,0,0
87,30,229,205,13,0,0
88,46,131,126,5,0,0
89,18,85,57,13,0,0
930,25,44,36,7,0,0
91,44,413,388,10,0,0
92,29,203,195,8,0,0
93,25,50,29,14,0,0
94,21,41,26,9,0,0
95,15,27,10,1,0,0
96,16,61,61,0,0,0
97,48,221,176,27,0,0
98,14,23,20,3,0,0
99,9,15,11,4,0,0
100,14,32,30,2,0,0
101,9,18,10,0,0,0
102,29,65,64,1,0,0
103,19,52,46,6,0,0
1280,14,83,83,0,0,0
2462,393,589,0,0,589,0
1575,81,288,47,205,0,0
1574,69,154,33,91,0,0
1580,49,108,26,63,0,0
1571,72,224,47,141,0,0
1577,70,181,37,116,0,0
2472,78,1283,1215,36,0,0
2474,78,1328,1260,36,0,0
2463,50,269,165,104,0,0
2464,50,246,123,123,0,0
4230,4,3,0,0,0,3
4231,4,3,0,0,0,3
4232,7,6,0,0,0,6
4233,2,1,0,0,0,1
4234,4,3,0,0,0,3
4235,6,7,0,0,0,7
4236,5,4,0,0,0,4
4237,9,7,0,0,0,7
4238,5,4,0,0,0,4
4239,3,2,0,0,0,2
4240,4,3,0,0,0,3
4241,11,11,0,0,0,11
4242,7,6,0,0,0,6
4243,16,14,0,0,0,14
4244,12,11,0,0,0,11
4245,17,18,0,0,0,18
4246,13,14,0,0,0,14
4247,9,9,0,0,0,9
4248,10,8,0,0,0,8
4249,16,19,0,0,0,19
4250,18,20,0,0,0,20
4251,4,3,0,0,0,3
4252,5,5,0,0,0,5
4253,3,2,0,0,0,2
4254,6,5,0,0,0,5
4255,3,2,0,0,0,2
4256,4,3,0,0,0,3
4257,3,2,0,0,0,2
4258,7,6,0,0,0,6
4259,19,25,0,0,0,25
4260,6,5,0,0,0,5
4261,7,7,0,0,0,7
4262,5,4,0,0,0,4
4263,9,7,0,0,0,7
4264,5,4,0,0,0,4
4265,33,54,0,0,0,54
4266,15,20,0,0,0,20
4267,14,13,0,0,0,13
4268,52,68,0,0,0,68
4269,4,3,0,0,0,3
4270,24,31,0,0,0,31
4271,4,3,0,0,0,3
4272,22,28,0,0,0,28
4273,8,7,0,0,0,7
4274,45,50,0,0,0,50
4275,16,19,0,0,0,19
4276,10,5,0,0,0,5
4277,5,0,0,0,0,0
4278,15,18,0,0,0,18
4279,18,20,0,0,0,20
3258,61,203,111,86,0,0
4280,6,5,0,0,0,5
4281,7,6,0,0,0,6
4282,10,9,0,0,0,9
4283,6,5,0,0,0,5
4284,10,12,0,0,0,12
4285,10,9,0,0,0,9
4452,13,12,0,0,0,12
4286,19,17,0,0,0,17
4287,10,8,0,0,0,8
4288,24,31,0,0,0,31
4289,2,1,0,0,0,1
4290,5,4,0,0,0,4
4291,5,4,0,0,0,4
4292,4,2,0,0,0,2
4293,4,3,0,0,0,3
4294,11,10,0,0,0,10
4295,7,7,0,0,0,7
4296,5,4,0,0,0,4
4297,9,10,0,0,0,10
4298,7,6,0,0,0,6
4299,11,9,0,0,0,9
4300,5,4,0,0,0,4
4301,14,12,0,0,0,12
4302,10,9,0,0,0,9
4303,22,29,0,0,0,29
4304,13,12,0,0,0,12
4305,3,2,0,0,0,2
4306,3,2,0,0,0,2
4307,4,3,0,0,0,3
4308,24,24,0,0,0,24
4309,10,10,0,0,0,10
4310,16,22,0,0,0,22
4311,16,19,0,0,0,19
4312,6,4,0,0,0,4
4313,3,2,0,0,0,2
4314,5,4,0,0,0,4
4315,14,15,0,0,0,15
4316,10,10,0,0,0,10
4317,5,4,0,0,0,4
4318,3,2,0,0,0,2
4319,8,1,0,0,0,1
4320,11,10,0,0,0,10
4321,3,2,0,0,0,2
4322,6,4,0,0,0,4
2473,78,1328,1262,36,0,0
2471,78,1302,1236,36,0,0
4323,6,5,0,0,0,5
4324,4,3,0,0,0,3
4325,3,2,0,0,0,2
4326,2,1,0,0,0,1
4327,13,7,0,0,0,7
4328,3,2,0,0,0,2
4329,3,2,0,0,0,2
4330,21,34,0,0,0,34
4331,28,46,0,0,0,46
4332,7,6,0,0,0,6
4333,20,23,0,0,0,23
4334,10,9,0,0,0,9
4335,22,41,0,0,0,41
4336,20,30,0,0,0,30
4337,15,14,0,0,0,14
4338,13,16,0,0,0,16
4339,3,2,0,0,0,2
4340,4,3,0,0,0,3
4341,4,3,0,0,0,3
4342,3,2,0,0,0,2
4343,5,4,0,0,0,4
4344,4,3,0,0,0,3
4345,9,8,0,0,0,8
4346,4,3,0,0,0,3
4347,6,4,0,0,0,4
4348,5,4,0,0,0,4
4349,8,7,0,0,0,7
4350,6,4,0,0,0,4
4351,5,3,0,0,0,3
4352,2,1,0,0,0,1
4353,9,6,0,0,0,6
4354,4,3,0,0,0,3
4355,9,9,0,0,0,9
4356,2,1,0,0,0,1
4357,11,11,0,0,0,11
4358,4,3,0,0,0,3
4359,16,20,0,0,0,20
4360,19,19,0,0,0,19
4361,4,3,0,0,0,3
4362,4,3,0,0,0,3
4363,12,13,0,0,0,13
4364,16,15,0,0,0,15
4365,11,8,0,0,0,8
4366,5,4,0,0,0,4
4367,10,8,0,0,0,8
4368,11,11,0,0,0,11
4369,8,7,0,0,0,7
4370,4,3,0,0,0,3
4371,9,7,0,0,0,7
4372,11,9,0,0,0,9
4373,5,4,0,0,0,4
4374,5,4,0,0,0,4
4375,4,3,0,0,0,3
4376,7,6,0,0,0,6
4377,4,3,0,0,0,3
4378,6,5,0,0,0,5
4379,19,16,0,0,0,16
4380,4,3,0,0,0,3
4381,11,11,0,0,0,11
4382,4,3,0,0,0,3
4383,3,2,0,0,0,2
4384,12,10,0,0,0,10
4385,9,6,0,0,0,6
4386,7,7,0,0,0,7
4387,4,3,0,0,0,3
4388,4,3,0,0,0,3
4389,12,19,0,0,0,19
4390,7,6,0,0,0,6
4391,6,4,0,0,0,4
4392,13,8,0,0,0,8
4393,14,15,0,0,0,15
4394,17,19,0,0,0,19
4395,10,7,0,0,0,7
4396,23,22,0,0,0,22
4397,13,16,0,0,0,16
4398,4,3,0,0,0,3
4399,18,27,0,0,0,27
4400,17,19,0,0,0,19
4401,21,26,0,0,0,26
4402,3,2,0,0,0,2
4403,11,13,0,0,0,13
4404,16,19,0,0,0,19
4405,6,5,0,0,0,5
4406,4,3,0,0,0,3
4407,12,7,0,0,0,7
4408,6,4,0,0,0,4
4409,3,2,0,0,0,2
4410,5,4,0,0,0,4
4411,9,6,0,0,0,6
4412,8,6,0,0,0,6
4413,6,4,0,0,0,4
4414,3,2,0,0,0,2
4415,5,4,0,0,0,4
4416,6,5,0,0,0,5
4417,4,3,0,0,0,3
4418,13,10,0,0,0,10
4419,6,5,0,0,0,5
4420,15,19,0,0,0,19
4421,25,32,0,0,0,32
4422,13,13,0,0,0,13
4423,34,42,0,0,0,42
4424,12,12,0,0,0,12
4425,22,30,0,0,0,30
4426,17,16,0,0,0,16
4427,22,22,0,0,0,22
4428,20,18,0,0,0,18
4429,5,4,0,0,0,4
4430,19,19,0,0,0,19
4431,9,8,0,0,0,8
4432,12,9,0,0,0,9
4433,13,14,0,0,0,14
4434,8,7,0,0,0,7
4435,8,8,0,0,0,8
4436,5,4,0,0,0,4
4437,17,25,0,0,0,25
4438,3,2,0,0,0,2
4439,10,7,0,0,0,7
4440,3,2,0,0,0,2
4441,2,1,0,0,0,1
4442,2,1,0,0,0,1
4443,2,1,0,0,0,1
4444,2,1,0,0,0,1
4445,8,6,0,0,0,6
4446,5,4,0,0,0,4
4447,12,11,0,0,0,11
4448,8,7,0,0,0,7
4449,6,5,0,0,0,5
4450,10,9,0,0,0,9
4451,19,32,0,0,0,32
922,35,96,66,8,0,0
4453,9,8,0,0,0,8
4454,22,21,0,0,0,21
4455,3,2,0,0,0,2
4456,13,12,0,0,0,12
4457,14,17,0,0,0,17
4458,5,4,0,0,0,4
4459,17,29,0,0,0,29
4460,4,3,0,0,0,3
4461,9,6,0,0,0,6
4462,10,9,0,0,0,9
4463,13,16,0,0,0,16
4464,13,10,0,0,0,10
4465,3,2,0,0,0,2
4466,5,3,0,0,0,3
4467,2,1,0,0,0,1
4468,3,2,0,0,0,2
4469,2,1,0,0,0,1
4470,7,5,0,0,0,5
4471,7,6,0,0,0,6
4472,6,5,0,0,0,5
4473,7,6,0,0,0,6
4474,9,7,0,0,0,7
4475,10,9,0,0,0,9
4476,8,6,0,0,0,6
4477,7,6,0,0,0,6
4478,3,2,0,0,0,2
4479,3,2,0,0,0,2
4480,13,9,0,0,0,9
4481,7,5,0,0,0,5
4482,6,5,0,0,0,5
4483,4,3,0,0,0,3
4484,3,2,0,0,0,2
4485,6,5,0,0,0,5
4486,8,7,0,0,0,7
4487,5,4,0,0,0,4
4488,4,3,0,0,0,3
4489,2,1,0,0,0,1
4490,7,4,0,0,0,4
4491,4,4,0,0,0,4
4492,7,6,0,0,0,6
4493,5,4,0,0,0,4
4494,8,8,0,0,0,8
4495,6,5,0,0,0,5
4496,13,13,0,0,0,13
4497,3,2,0,0,0,2
4498,13,15,0,0,0,15
4499,6,5,0,0,0,5
4500,5,6,0,0,0,6
4501,4,3,0,0,0,3
4502,5,4,0,0,0,4
4503,5,4,0,0,0,4
4504,10,8,0,0,0,8
4505,10,5,0,0,0,5
4506,7,6,0,0,0,6
4507,51,62,0,0,0,62
4508,19,22,0,0,0,22
4509,2,1,0,0,0,1
4510,6,5,0,0,0,5
4511,10,9,0,0,0,9
4512,10,10,0,0,0,10
4513,5,4,0,0,0,4
4514,3,2,0,0,0,2
4515,8,7,0,0,0,7
4516,6,0,0,0,0,0
4517,3,2,0,0,0,2
4518,5,3,0,0,0,3
4519,7,6,0,0,0,6
4520,7,7,0,0,0,7
4521,8,8,0,0,0,8
4522,6,8,0,0,0,8
4523,4,3,0,0,0,3
4524,4,3,0,0,0,3
4525,4,3,0,0,0,3
4526,4,3,0,0,0,3
4527,4,3,0,0,0,3
4528,2,1,0,0,0,1
4529,2,1,0,0,0,1
4530,3,2,0,0,0,2
4531,3,2,0,0,0,2
4532,9,8,0,0,0,8
4533,4,3,0,0,0,3
4534,7,6,0,0,0,6
4535,4,3,0,0,0,3
4536,2,1,0,0,0,1
4537,3,2,0,0,0,2
4538,4,3,0,0,0,3
4539,5,4,0,0,0,4
4540,13,16,0,0,0,16
4541,3,2,0,0,0,2
4542,15,10,0,0,0,10
4543,25,18,0,0,0,18
4544,3,2,0,0,0,2
4545,22,19,0,0,0,19
4546,2,1,0,0,0,1
4547,17,21,0,0,0,21
4548,12,11,0,0,0,11
4549,6,3,0,0,0,3
4550,15,12,0,0,0,12
4551,5,4,0,0,0,4
4552,3,2,0,0,0,2
4553,3,2,0,0,0,2
4554,9,7,0,0,0,7
4555,10,13,0,0,0,13
4556,6,5,0,0,0,5
4557,6,5,0,0,0,5
4558,8,6,0,0,0,6
4559,5,4,0,0,0,4
4560,10,9,0,0,0,9
4561,4,0,0,0,0,0
4562,20,31,0,0,0,31
4563,8,7,0,0,0,7
4564,14,21,0,0,0,21
4565,16,20,0,0,0,20
4566,6,5,0,0,0,5
4567,14,14,0,0,0,14
4568,6,5,0,0,0,5
4569,8,7,0,0,0,7
4570,13,18,0,0,0,18
4571,4,3,0,0,0,3
4572,3,2,0,0,0,2
4573,9,10,0,0,0,10
4574,5,4,0,0,0,4
4575,3,2,0,0,0,2
4576,5,3,0,0,0,3
4577,10,7,0,0,0,7
4578,7,5,0,0,0,5
4579,7,6,0,0,0,6
4580,7,6,0,0,0,6
4581,5,4,0,0,0,4
4582,9,11,0,0,0,11
4583,6,4,0,0,0,4
4584,5,4,0,0,0,4
4585,5,4,0,0,0,4
4586,14,19,0,0,0,19
4587,6,5,0,0,0,5
4588,3,2,0,0,0,2
4589,6,5,0,0,0,5
4590,12,13,0,0,0,13
4591,14,14,0,0,0,14
4592,4,3,0,0,0,3
4593,3,2,0,0,0,2
4594,4,3,0,0,0,3
4595,11,12,0,0,0,12
4596,4,3,0,0,0,3
4597,12,13,0,0,0,13
4598,6,6,0,0,0,6
4599,9,10,0,0,0,10
4600,5,4,0,0,0,4
4601,4,3,0,0,0,3
4602,2,1,0,0,0,1
4603,6,4,0,0,0,4
4604,11,8,0,0,0,8
4605,5,4,0,0,0,4
4606,5,3,0,0,0,3
4607,2,0,0,0,0,0
4608,2,1,0,0,0,1
4609,12,18,0,0,0,18
4610,7,8,0,0,0,8
4611,6,5,0,0,0,5
4612,4,3,0,0,0,3
4613,7,5,0,0,0,5
4614,8,6,0,0,0,6
4615,8,6,0,0,0,6
4616,2,1,0,0,0,1
4617,2,1,0,0,0,1
4618,2,1,0,0,0,1
4619,6,5,0,0,0,5
1021,22,35,31,2,0,0
4620,4,3,0,0,0,3
4621,3,2,0,0,0,2
4622,4,3,0,0,0,3
4623,5,4,0,0,0,4
4624,7,6,0,0,0,6
4625,8,7,0,0,0,7
4626,11,15,0,0,0,15
4627,11,10,0,0,0,10
4628,5,4,0,0,0,4
4629,5,4,0,0,0,4
4630,5,4,0,0,0,4
4631,8,7,0,0,0,7
4632,5,4,0,0,0,4
4633,3,2,0,0,0,2
4634,7,6,0,0,0,6
4635,5,4,0,0,0,4
4636,7,6,0,0,0,6
4637,6,6,0,0,0,6
4638,6,5,0,0,0,5
4639,4,3,0,0,0,3
4640,4,3,0,0,0,3
4641,3,2,0,0,0,2
4642,12,14,0,0,0,14
4643,8,10,0,0,0,10
4644,6,5,0,0,0,5
4645,4,3,0,0,0,3
4646,7,7,0,0,0,7
4647,5,4,0,0,0,4
4648,8,7,0,0,0,7
4649,8,7,0,0,0,7
4650,12,11,0,0,0,11
4651,2,1,0,0,0,1
4652,2,1,0,0,0,1
4653,3,2,0,0,0,2
924,15,26,22,4,0,0
4654,3,2,0,0,0,2
4655,8,6,0,0,0,6
4656,14,15,0,0,0,15
4657,11,10,0,0,0,10
4658,7,6,0,0,0,6
4659,6,5,0,0,0,5
4660,7,6,0,0,0,6
4661,3,2,0,0,0,2
4662,4,3,0,0,0,3
4663,4,3,0,0,0,3
4664,7,4,0,0,0,4
4665,5,3,0,0,0,3
4666,6,4,0,0,0,4
4667,4,3,0,0,0,3
4668,13,13,0,0,0,13
4669,3,2,0,0,0,2
4670,12,11,0,0,0,11
4671,5,4,0,0,0,4
4672,9,9,0,0,0,9
4673,11,15,0,0,0,15
4674,4,3,0,0,0,3
4675,5,3,0,0,0,3
4676,6,5,0,0,0,5
4677,4,3,0,0,0,3
4678,12,11,0,0,0,11
4679,6,4,0,0,0,4
4680,2,1,0,0,0,1
4681,5,4,0,0,0,4
4682,14,19,0,0,0,19
4683,3,2,0,0,0,2
4684,11,12,0,0,0,12
4685,7,6,0,0,0,6
4686,10,9,0,0,0,9
4687,5,4,0,0,0,4
4688,15,12,0,0,0,12
4689,2,1,0,0,0,1
4690,12,10,0,0,0,10
4691,14,16,0,0,0,16
4692,21,15,0,0,0,15
4693,15,8,0,0,0,8
4694,15,21,0,0,0,21
4695,3,2,0,0,0,2
4696,5,4,0,0,0,4
4697,3,2,0,0,0,2
4698,9,9,0,0,0,9
4699,8,7,0,0,0,7
4700,3,0,0,0,0,0
4701,4,3,0,0,0,3
4702,7,6,0,0,0,6
4703,6,0,0,0,0,0
4704,9,8,0,0,0,8
4705,13,14,0,0,0,14
4706,7,6,0,0,0,6
4707,8,7,0,0,0,7
4708,4,3,0,0,0,3
4709,7,7,0,0,0,7
4710,7,6,0,0,0,6
4711,2,1,0,0,0,1
4712,4,3,0,0,0,3
4713,2,1,0,0,0,1
4714,3,2,0,0,0,2
4715,5,4,0,0,0,4
4716,4,3,0,0,0,3
4717,6,5,0,0,0,5
4718,7,6,0,0,0,6
4719,7,6,0,0,0,6
4720,7,6,0,0,0,6
1102,23,141,135,6,0,0
4721,2,1,0,0,0,1
4722,8,6,0,0,0,6
4723,5,4,0,0,0,4
4724,3,2,0,0,0,2
4725,6,8,0,0,0,8
4726,5,3,0,0,0,3
4727,5,4,0,0,0,4
4728,2,1,0,0,0,1
4729,5,5,0,0,0,5
4730,10,12,0,0,0,12
4731,10,9,0,0,0,9
889,20,60,53,4,0,0
890,14,25,25,0,0,0
1268,34,156,111,19,0,0
893,78,607,510,62,0,35
1089,21,50,13,13,0,0
1090,21,50,12,14,0,0
1091,23,46,14,10,0,0
1092,27,56,18,8,0,0
1093,25,52,15,9,0,0
1094,28,61,19,10,0,0
1095,32,73,29,6,0,0
1096,31,71,23,8,0,0
1097,27,62,16,8,0,0
1098,49,139,55,24,0,0
1099,52,149,60,27,0,0
1100,51,143,56,27,0,0
907,14,52,30,12,0,0
906,14,51,29,12,0,0
943,12,16,0,0,0,0
942,19,45,0,0,0,0
1281,15,26,17,6,0,0
1282,14,28,19,6,0,0
927,11,27,0,0,0,0
926,13,34,0,0,0,0
1104,35,107,0,0,0,0
1108,19,44,0,0,0,0
1105,29,124,0,0,0,0
1107,25,60,0,0,0,0
1106,37,175,0,0,0,0
918,29,97,0,0,0,0
920,28,100,0,0,0,0
921,26,88,0,0,0,0
919,28,98,0,0,0,0
928,45,96,0,0,96,0
929,26,71,0,0,71,0
931,26,110,0,0,0,0
935,22,30,0,0,30,0
934,27,52,0,0,52,0
938,97,178,0,0,178,0
939,36,80,0,0,80,0
940,156,200,0,0,200,0
948,456,871,0,0,871,0
944,209,666,0,0,666,0
945,57,143,0,0,143,0
949,185,372,0,0,372,0
950,105,199,0,0,199,0
951,68,91,0,0,91,0
954,11,15,0,0,15,0
953,14,16,0,0,16,0
952,24,29,0,0,29,0
955,84,145,0,0,145,0
1007,28,61,0,0,0,61
1016,49,88,0,0,0,88
1031,27,39,0,0,0,39
1026,27,36,0,0,0,36
1027,33,105,0,0,0,105
1029,34,68,0,0,0,68
1032,58,107,0,0,0,107
1033,33,142,0,0,0,142
1035,19,19,0,0,0,19
1037,29,51,0,0,0,51
1047,13,15,0,0,0,15
1048,21,30,0,0,0,30
1049,38,90,0,0,0,90
1050,30,52,0,0,0,52
1052,26,28,0,0,0,28
1053,21,50,0,0,0,50
1054,53,84,0,0,0,84
1057,23,57,0,0,0,57
1068,21,67,43,9,0,0
1060,26,71,0,0,0,71
1061,24,39,0,0,0,39
1063,39,107,0,0,0,107
1022,10,12,0,0,0,12
1028,24,57,0,0,0,57
1030,17,41,0,0,0,41
1008,42,96,0,0,0,96
1034,47,108,0,0,0,108
1009,32,108,0,0,0,108
1010,27,52,0,0,0,52
1011,20,51,0,0,0,51
1012,53,123,0,0,0,123
1013,25,43,0,0,0,43
1014,32,37,0,0,0,37
1015,36,97,0,0,0,97
1017,23,43,0,0,0,43
1018,30,63,0,0,0,63
1059,37,100,0,0,0,100
1062,62,226,0,0,0,226
1044,27,32,0,0,0,32
1025,36,127,0,0,0,127
1036,49,79,0,0,0,79
1038,56,174,0,0,0,174
1055,38,73,0,0,0,73
1045,47,198,0,0,0,198
1046,17,35,0,0,0,35
1051,17,29,0,0,0,29
1024,14,19,0,0,0,19
1056,53,197,0,0,0,197
1058,56,202,0,0,0,202
1023,27,52,0,0,0,52
1019,33,103,0,0,0,103
1020,30,68,0,0,0,68
1115,26,70,41,29,0,0
1065,33,182,145,12,0,0
1066,26,103,74,11,0,0
1064,38,242,197,15,0,0
1069,22,83,60,8,0,0
1067,27,132,99,13,0,0
1071,6,4,0,0,4,0
1070,11,10,0,0,10,0
1072,5,4,0,0,4,0
1074,7,6,0,0,6,0
1079,6,4,0,0,4,0
1080,8,4,0,0,4,0
1073,9,8,0,0,8,0
1078,8,7,0,0,7,0
1083,10,8,0,0,8,0
1084,9,7,0,0,7,0
1081,8,7,0,0,7,0
1082,8,6,0,0,6,0
1077,8,7,0,0,7,0
1085,7,4,0,0,4,0
1075,8,7,0,0,7,0
1076,5,3,0,0,3,0
1364,29,34,0,0,34,0
1333,52,70,0,0,70,0
1316,16,14,0,0,14,0
1384,16,15,0,0,15,0
1374,37,51,0,0,51,0
1388,17,19,0,0,19,0
1379,44,65,0,0,65,0
1351,38,42,0,0,42,0
1390,22,19,0,0,19,0
1395,31,45,0,0,45,0
1387,18,18,0,0,18,0
1361,14,15,0,0,15,0
1389,30,38,0,0,38,0
1298,29,32,0,0,32,0
1407,10,8,0,0,8,0
1321,25,30,0,0,30,0
1393,23,27,0,0,27,0
1355,16,19,0,0,19,0
1345,13,12,0,0,12,0
1368,11,9,0,0,9,0
1373,43,59,0,0,59,0
1370,13,12,0,0,12,0
1424,27,35,0,0,35,0
1363,14,14,0,0,14,0
1381,25,26,0,0,26,0
1396,29,30,0,0,30,0
1402,11,9,0,0,9,0
1346,16,17,0,0,17,0
1359,35,48,0,0,48,0
1362,19,26,0,0,26,0
1365,9,7,0,0,7,0
1366,21,20,0,0,20,0
1382,47,55,0,0,55,0
1404,22,22,0,0,22,0
1386,32,43,0,0,43,0
1323,11,13,0,0,13,0
1347,26,40,0,0,40,0
1360,22,22,0,0,22,0
1394,21,22,0,0,22,0
1356,22,31,0,0,31,0
1350,17,18,0,0,18,0
1372,12,11,0,0,11,0
1357,24,23,0,0,23,0
1352,31,44,0,0,44,0
1403,21,23,0,0,23,0
1392,21,23,0,0,23,0
1369,13,10,0,0,10,0
1349,21,21,0,0,21,0
1290,32,36,0,0,36,0
1391,19,22,0,0,22,0
1410,16,17,0,0,17,0
1371,8,6,0,0,6,0
1329,20,23,0,0,23,0
1380,33,34,0,0,34,0
1411,17,15,0,0,15,0
1422,18,23,0,0,23,0
1423,29,31,0,0,31,0
1340,42,48,0,0,48,0
1417,24,25,0,0,25,0
1343,14,17,0,0,17,0
1317,22,30,0,0,30,0
1412,32,35,0,0,35,0
1413,25,26,0,0,26,0
1342,18,19,0,0,19,0
1406,25,28,0,0,28,0
1291,55,76,0,0,76,0
1309,29,34,0,0,34,0
1430,12,11,0,0,11,0
1426,20,20,0,0,20,0
1425,25,30,0,0,30,0
1331,24,25,0,0,25,0
1419,21,26,0,0,26,0
1299,24,25,0,0,25,0
1375,27,33,0,0,33,0
1337,20,20,0,0,20,0
1427,24,28,0,0,28,0
1429,29,37,0,0,37,0
1428,17,17,0,0,17,0
1318,8,6,0,0,6,0
1305,12,11,0,0,11,0
1296,19,24,0,0,24,0
1405,14,14,0,0,14,0
1301,22,24,0,0,24,0
1322,20,22,0,0,22,0
1367,14,15,0,0,15,0
1313,13,14,0,0,14,0
1297,11,14,0,0,14,0
1308,25,25,0,0,25,0
1292,34,48,0,0,48,0
1328,15,14,0,0,14,0
1332,45,50,0,0,50,0
1418,20,26,0,0,26,0
1385,23,27,0,0,27,0
1287,31,40,0,0,40,0
1300,22,23,0,0,23,0
1383,39,49,0,0,49,0
1324,20,25,0,0,25,0
1288,23,25,0,0,25,0
1295,5,5,0,0,5,0
1335,40,45,0,0,45,0
1293,10,10,0,0,10,0
1327,20,22,0,0,22,0
1376,49,67,0,0,67,0
1344,18,19,0,0,19,0
1325,18,19,0,0,19,0
1319,6,4,0,0,4,0
1326,22,26,0,0,26,0
1420,27,32,0,0,32,0
1311,32,43,0,0,43,0
1286,30,38,0,0,38,0
1307,22,23,0,0,23,0
1341,18,21,0,0,21,0
1312,26,31,0,0,31,0
1310,25,30,0,0,30,0
1416,23,26,0,0,26,0
1338,19,21,0,0,21,0
1378,58,113,0,0,113,0
1303,32,48,0,0,48,0
1409,14,13,0,0,13,0
1336,22,24,0,0,24,0
1289,16,14,0,0,14,0
1294,21,25,0,0,25,0
1484,29,49,18,27,0,0
1302,22,29,0,0,29,0
1314,14,15,0,0,15,0
1339,22,24,0,0,24,0
1408,16,15,0,0,15,0
1320,23,32,0,0,32,0
1330,31,39,0,0,39,0
1285,21,32,0,0,32,0
1306,23,28,0,0,28,0
1415,30,37,0,0,37,0
1348,19,20,0,0,20,0
1334,26,30,0,0,30,0
1414,18,16,0,0,16,0
1421,32,53,0,0,53,0
1358,37,44,0,0,44,0
1353,22,25,0,0,25,0
1315,10,9,0,0,9,0
1377,33,40,0,0,40,0
1354,16,20,0,0,20,0
1304,16,18,0,0,18,0
1101,28,127,110,8,0,0
1103,28,218,208,8,0,0
1113,22,34,6,9,0,0
1114,26,41,20,6,0,0
1112,25,45,12,15,0,0
4732,4,3,0,0,0,3
4733,6,5,0,0,0,5
4734,6,5,0,0,0,5
4735,8,7,0,0,0,7
4736,11,15,0,0,0,15
1284,21,89,74,12,0,0
1440,15,38,22,7,0,0
1441,7,12,6,3,0,0
1439,13,26,10,7,0,0
1442,8,14,7,3,0,0
1443,19,22,22,0,0,0
1444,40,185,118,31,0,0
1447,32,139,86,21,0,0
1446,33,141,88,21,0,0
1448,13,34,14,10,0,0
1449,20,44,31,0,0,0
1451,9,15,7,0,0,0
1452,12,26,16,0,0,0
1453,6,10,4,0,0,0
1450,19,55,42,0,0,0
1454,31,131,95,36,0,0
1456,47,157,69,88,0,0
1457,57,178,93,85,0,0
1455,17,33,24,9,0,0
1458,21,62,49,7,0,0
1459,15,43,33,9,0,1
4737,7,5,0,0,0,5
1460,20,19,0,0,0,0
1461,46,127,93,0,0,0
1462,30,229,183,34,0,0
1463,13,34,30,2,0,0
1464,15,42,25,9,0,0
1467,42,103,52,34,0,0
1466,39,106,75,26,0,0
1465,37,77,36,22,0,0
1468,8,25,20,5,0,0
1469,6,7,7,0,0,0
1470,24,91,69,0,0,0
1471,27,47,30,0,0,0
1473,16,50,33,9,0,0
1474,56,178,136,38,0,0
1475,16,42,16,26,0,0
1476,28,69,47,8,0,0
1478,8,11,6,2,0,0
1480,14,30,23,4,0,0
1479,13,27,19,4,0,0
1477,5,7,4,0,0,0
1481,24,94,69,11,0,0
1482,16,31,21,0,0,2
1483,27,42,21,17,0,0
1485,14,23,13,0,0,0
1486,26,45,27,6,0,0
1487,27,41,22,7,0,0
1488,66,234,188,27,0,0
1492,13,33,0,0,0,33
1489,13,42,0,0,0,42
1491,12,32,0,0,0,32
1490,25,140,0,0,0,140
1493,9,13,9,4,0,0
1494,47,61,27,26,0,3
1495,89,114,33,75,0,0
1496,90,149,80,60,0,5
1497,36,47,11,34,0,0
1498,79,1010,967,0,0,0
1499,28,37,15,0,0,0
1501,7,8,0,6,0,0
1500,9,8,0,6,0,0
1502,7,11,0,5,0,0
1504,12,25,12,12,0,0
1505,11,20,13,0,0,0
1506,34,79,53,25,0,0
1507,26,61,36,0,0,0
1508,33,121,88,0,0,6
1510,23,26,11,12,0,3
1511,17,32,30,2,0,0
1512,14,49,26,14,0,0
1513,20,41,35,0,0,0
1514,43,114,68,36,0,0
1515,11,30,16,5,0,0
1516,22,48,32,6,0,0
1517,32,140,20,105,0,0
1518,20,80,46,34,0,0
1519,10,29,19,5,0,0
1520,22,48,23,25,0,0
1521,23,40,21,0,0,0
1522,31,80,52,18,0,0
1523,24,113,85,7,0,0
1524,25,131,53,66,0,0
1525,26,67,45,11,0,0
1526,45,193,33,146,0,0
1527,38,157,17,126,0,0
1528,42,183,38,134,0,0
1529,37,150,19,119,0,0
1530,106,310,167,75,0,0
1531,16,57,25,26,0,0
1532,35,53,24,21,0,0
1533,24,104,62,28,0,0
4738,3,2,0,0,0,2
4739,10,7,0,0,0,7
1536,16,48,0,3,0,45
1537,35,380,362,0,0,0
4740,4,3,0,0,0,3
4741,5,4,0,0,0,4
1472,29,105,41,50,0,0
1569,68,169,36,100,0,0
4742,8,7,0,0,0,7
1547,6,5,0,0,0,0
1548,21,40,22,0,0,0
1549,3,2,0,0,0,0
1550,36,77,12,7,0,43
1551,37,74,13,14,0,25
1552,13,22,7,4,0,7
1553,9,17,5,3,0,5
1554,12,19,4,4,0,5
1555,9,21,7,2,0,7
1556,12,19,5,3,0,8
1557,12,29,10,3,0,10
1558,19,32,8,7,0,7
1559,24,42,10,7,0,10
1560,9,11,1,1,0,5
1561,25,64,45,0,0,0
1562,14,30,18,0,0,0
1563,39,248,174,23,0,0
1564,39,229,156,23,0,0
1565,40,241,170,11,0,0
1566,23,48,39,5,0,4
1567,26,70,27,33,0,0
4743,8,7,0,0,0,7
1544,18,23,8,0,0,0
1570,57,142,25,90,0,0
4744,9,10,0,0,0,10
1572,69,188,9,149,0,0
1573,67,158,33,97,0,0
4745,6,5,0,0,0,5
1576,39,103,21,65,0,0
1545,8,9,4,0,0,0
1546,27,72,52,0,0,0
1578,55,129,10,100,0,0
1579,59,151,27,100,0,0
4746,14,7,0,0,0,7
1581,45,192,16,92,0,0
1582,39,146,28,49,0,0
1583,35,110,1,51,0,0
1584,32,106,0,51,0,0
1585,31,102,0,49,0,0
1586,37,120,3,56,0,0
1587,31,100,0,50,0,0
1588,32,102,0,48,0,0
1589,20,54,0,30,0,0
1590,36,138,47,70,0,0
1591,7,8,4,4,0,0
1592,15,27,15,9,0,3
1593,26,30,13,12,0,0
1594,27,116,99,9,0,0
1595,27,114,97,9,0,0
1596,24,108,58,50,0,0
1597,28,50,0,0,50,0
1598,49,106,0,0,106,0
1599,50,95,0,0,95,0
1600,50,107,0,0,107,0
1601,58,130,0,0,130,0
1602,67,134,0,0,134,0
1603,87,144,0,0,144,0
1604,71,96,0,0,96,0
1605,68,108,0,0,108,0
1606,47,72,0,0,72,0
1607,58,78,0,0,78,0
1608,39,51,0,0,51,0
1609,34,43,0,0,43,0
1610,37,60,0,0,60,0
1611,38,48,0,0,48,0
1612,48,99,0,0,99,0
1613,51,131,0,0,131,0
1614,56,114,0,0,114,0
1615,52,100,0,0,100,0
1616,48,75,0,0,75,0
1617,31,41,0,0,41,0
1618,30,37,0,0,37,0
1619,28,32,0,0,32,0
1620,44,64,0,0,64,0
1621,39,57,0,0,57,0
1622,38,46,0,0,46,0
1623,17,17,0,0,17,0
1624,22,27,0,0,27,0
1625,20,24,0,0,24,0
1626,22,29,0,0,29,0
1627,34,51,0,0,51,0
1628,35,58,0,0,58,0
1629,32,62,0,0,62,0
1630,25,35,0,0,35,0
1631,16,15,0,0,15,0
1632,19,20,0,0,20,0
1633,18,17,0,0,17,0
1634,19,24,0,0,24,0
1635,26,39,0,0,39,0
1636,17,18,0,0,18,0
1637,24,33,0,0,33,0
1638,27,41,0,0,41,0
1639,22,19,0,0,19,0
1640,29,35,0,0,35,0
1641,32,44,0,0,44,0
1642,25,25,0,0,25,0
1643,29,43,0,0,43,0
1644,28,28,0,0,28,0
1645,36,45,0,0,45,0
1646,29,46,0,0,46,0
1647,16,21,0,0,21,0
1648,20,28,0,0,28,0
1649,19,21,0,0,21,0
1650,27,36,0,0,36,0
1651,26,39,0,0,39,0
1652,20,30,0,0,30,0
1653,24,35,0,0,35,0
1654,24,28,0,0,28,0
1655,8,6,0,0,6,0
1656,10,9,0,0,9,0
1657,22,19,0,0,19,0
1658,24,31,0,0,31,0
1659,30,43,0,0,43,0
1660,33,49,0,0,49,0
1661,30,46,0,0,46,0
1662,35,58,0,0,58,0
1663,13,11,0,0,11,0
1664,17,16,0,0,16,0
1665,25,26,0,0,26,0
1666,21,23,0,0,23,0
1667,34,50,0,0,50,0
1668,34,45,0,0,45,0
1669,35,57,0,0,57,0
1670,23,32,0,0,32,0
1671,32,86,0,0,86,0
1672,85,500,0,0,500,0
1673,61,66,0,0,66,0
1674,18,25,0,0,25,0
1675,78,120,0,0,120,0
1676,180,374,0,0,374,0
1677,167,346,0,0,346,0
1678,24,72,0,72,0,0
4747,12,4,0,0,0,4
4748,2,1,0,0,0,1
4749,12,16,0,0,0,16
4750,8,7,0,0,0,7
4784,3,2,0,0,0,2
4751,5,5,0,0,0,5
4752,6,5,0,0,0,5
4753,5,4,0,0,0,4
4754,3,2,0,0,0,2
4755,3,2,0,0,0,2
4756,6,4,0,0,0,4
4757,8,5,0,0,0,5
4758,7,7,0,0,0,7
4759,10,8,0,0,0,8
4760,5,5,0,0,0,5
4761,2,1,0,0,0,1
4762,6,5,0,0,0,5
4763,15,13,0,0,0,13
4764,3,2,0,0,0,2
4765,9,6,0,0,0,6
4766,2,1,0,0,0,1
4767,5,4,0,0,0,4
4768,2,1,0,0,0,1
4769,10,8,0,0,0,8
4770,8,6,0,0,0,6
4771,5,3,0,0,0,3
4772,9,8,0,0,0,8
4773,11,13,0,0,0,13
4774,3,2,0,0,0,2
4775,7,5,0,0,0,5
4776,8,4,0,0,0,4
4777,4,3,0,0,0,3
4778,5,4,0,0,0,4
4779,6,4,0,0,0,4
4780,2,1,0,0,0,1
4781,2,1,0,0,0,1
4782,4,3,0,0,0,3
4783,6,5,0,0,0,5
4785,9,8,0,0,0,8
4786,9,8,0,0,0,8
4787,4,3,0,0,0,3
4788,7,5,0,0,0,5
4789,10,9,0,0,0,9
4790,8,6,0,0,0,6
4791,5,4,0,0,0,4
4792,4,3,0,0,0,3
4793,5,4,0,0,0,4
4794,7,6,0,0,0,6
4795,6,5,0,0,0,5
4796,5,3,0,0,0,3
4797,4,3,0,0,0,3
4798,13,11,0,0,0,11
4799,8,8,0,0,0,8
4800,4,3,0,0,0,3
4801,2,1,0,0,0,1
4802,11,11,0,0,0,11
4803,5,3,0,0,0,3
4804,5,3,0,0,0,3
4805,8,7,0,0,0,7
4806,5,4,0,0,0,4
4807,7,7,0,0,0,7
4808,3,2,0,0,0,2
4809,3,2,0,0,0,2
4810,7,6,0,0,0,6
4811,5,4,0,0,0,4
4812,9,8,0,0,0,8
4813,16,15,0,0,0,15
4814,5,4,0,0,0,4
4815,13,15,0,0,0,15
4816,17,21,0,0,0,21
4817,4,2,0,0,0,2
4818,7,8,0,0,0,8
4819,2,1,0,0,0,1
4820,7,5,0,0,0,5
4821,19,23,0,0,0,23
4822,3,2,0,0,0,2
4823,7,4,0,0,0,4
4824,3,2,0,0,0,2
4825,7,4,0,0,0,4
4826,4,3,0,0,0,3
4827,15,18,0,0,0,18
4828,13,20,0,0,0,20
4829,4,3,0,0,0,3
4830,3,2,0,0,0,2
4831,5,3,0,0,0,3
4832,7,8,0,0,0,8
4833,8,8,0,0,0,8
4834,5,3,0,0,0,3
4835,8,7,0,0,0,7
4836,6,6,0,0,0,6
4837,2,1,0,0,0,1
4838,12,14,0,0,0,14
4839,3,2,0,0,0,2
4840,4,3,0,0,0,3
4841,5,4,0,0,0,4
4842,5,3,0,0,0,3
4843,10,11,0,0,0,11
4844,9,9,0,0,0,9
4845,9,11,0,0,0,11
4846,6,5,0,0,0,5
4847,6,5,0,0,0,5
4848,9,7,0,0,0,7
4849,4,3,0,0,0,3
4850,5,4,0,0,0,4
4851,17,24,0,0,0,24
4852,25,33,0,0,0,33
4853,20,23,0,0,0,23
4854,7,5,0,0,0,5
4855,2,1,0,0,0,1
4856,6,5,0,0,0,5
4857,7,7,0,0,0,7
4858,3,2,0,0,0,2
4859,23,34,0,0,0,34
4860,3,2,0,0,0,2
4861,3,2,0,0,0,2
4862,17,18,0,0,0,18
4863,2,1,0,0,0,1
4864,10,8,0,0,0,8
4865,3,2,0,0,0,2
4866,15,14,0,0,0,14
4867,5,4,0,0,0,4
4868,4,2,0,0,0,2
4869,11,11,0,0,0,11
4870,16,16,0,0,0,16
4871,5,4,0,0,0,4
4872,4,3,0,0,0,3
4873,10,9,0,0,0,9
4874,4,3,0,0,0,3
4875,6,6,0,0,0,6
4876,14,18,0,0,0,18
4877,4,3,0,0,0,3
4878,9,8,0,0,0,8
4879,7,4,0,0,0,4
4880,16,22,0,0,0,22
4881,4,3,0,0,0,3
4882,14,15,0,0,0,15
4883,8,7,0,0,0,7
4884,4,3,0,0,0,3
4885,2,1,0,0,0,1
4886,5,4,0,0,0,4
4887,10,11,0,0,0,11
4888,10,10,0,0,0,10
4889,14,11,0,0,0,11
4890,4,3,0,0,0,3
4891,2,1,0,0,0,1
4892,9,8,0,0,0,8
4893,13,13,0,0,0,13
4894,5,4,0,0,0,4
4895,22,34,0,0,0,34
4896,11,12,0,0,0,12
4897,20,33,0,0,0,33
4898,13,17,0,0,0,17
4899,14,19,0,0,0,19
4900,18,17,0,0,0,17
4901,2,1,0,0,0,1
4902,22,31,0,0,0,31
4903,15,20,0,0,0,20
4904,2,1,0,0,0,1
4905,3,2,0,0,0,2
4906,8,7,0,0,0,7
4907,7,6,0,0,0,6
4908,5,4,0,0,0,4
4909,13,16,0,0,0,16
4910,5,4,0,0,0,4
4911,10,9,0,0,0,9
4912,12,12,0,0,0,12
4913,10,10,0,0,0,10
4914,13,13,0,0,0,13
4915,17,20,0,0,0,20
4916,3,2,0,0,0,2
4917,10,10,0,0,0,10
4918,4,3,0,0,0,3
4919,13,11,0,0,0,11
4920,3,2,0,0,0,2
4921,3,2,0,0,0,2
4922,3,2,0,0,0,2
4923,3,2,0,0,0,2
4924,3,2,0,0,0,2
4925,4,3,0,0,0,3
4926,11,12,0,0,0,12
4927,10,13,0,0,0,13
4928,24,37,0,0,0,37
4929,12,11,0,0,0,11
4930,9,8,0,0,0,8
4931,2,1,0,0,0,1
4932,9,7,0,0,0,7
4933,8,7,0,0,0,7
4934,4,2,0,0,0,2
4935,18,15,0,0,0,15
4936,6,4,0,0,0,4
4937,4,3,0,0,0,3
4938,11,12,0,0,0,12
4939,6,5,0,0,0,5
4940,3,2,0,0,0,2
4945,20,22,0,0,0,22
4953,10,7,0,0,0,7
4958,7,8,0,0,0,8
4963,7,6,0,0,0,6
4968,7,8,0,0,0,8
4973,7,5,0,0,0,5
4978,7,6,0,0,0,6
4983,20,30,0,0,0,30
4988,7,6,0,0,0,6
4993,9,8,0,0,0,8
4998,9,8,0,0,0,8
5003,24,31,0,0,0,31
5008,7,6,0,0,0,6
4941,7,6,0,0,0,6
4942,6,4,0,0,0,4
4944,18,21,0,0,0,21
4947,12,11,0,0,0,11
4950,14,16,0,0,0,16
4955,25,27,0,0,0,27
4960,19,28,0,0,0,28
4965,7,5,0,0,0,5
4970,8,6,0,0,0,6
4975,5,4,0,0,0,4
4980,10,8,0,0,0,8
4985,11,12,0,0,0,12
4990,3,2,0,0,0,2
4995,11,13,0,0,0,13
5000,13,13,0,0,0,13
5005,13,10,0,0,0,10
5010,2,1,0,0,0,1
4943,6,5,0,0,0,5
4946,7,6,0,0,0,6
4948,8,7,0,0,0,7
4952,16,11,0,0,0,11
4957,11,12,0,0,0,12
4962,26,37,0,0,0,37
4967,5,3,0,0,0,3
4972,2,1,0,0,0,1
4977,8,7,0,0,0,7
4982,4,3,0,0,0,3
4987,3,2,0,0,0,2
4992,8,5,0,0,0,5
4997,3,2,0,0,0,2
5002,3,2,0,0,0,2
5007,12,12,0,0,0,12
5012,5,4,0,0,0,4
4949,23,31,0,0,0,31
4954,12,11,0,0,0,11
4959,6,4,0,0,0,4
4964,8,9,0,0,0,9
4969,15,13,0,0,0,13
4974,4,4,0,0,0,4
4979,12,13,0,0,0,13
4984,10,10,0,0,0,10
4989,7,8,0,0,0,8
4994,8,7,0,0,0,7
4999,12,9,0,0,0,9
5004,3,2,0,0,0,2
5009,15,18,0,0,0,18
4951,23,26,0,0,0,26
4956,4,4,0,0,0,4
4961,11,13,0,0,0,13
4966,9,9,0,0,0,9
4971,11,13,0,0,0,13
4976,3,2,0,0,0,2
4981,5,4,0,0,0,4
4986,13,12,0,0,0,12
4991,3,2,0,0,0,2
4996,12,11,0,0,0,11
5001,2,1,0,0,0,1
5006,4,3,0,0,0,3
5011,7,6,0,0,0,6
5013,714,51496,42144,6075,0,0
2470,78,1277,1210,36,0,0
